{
  "build": {
    "core": "esp8266",
    "extra_flags": "-DESP8266 -DARDUINO_ARCH_ESP8266 -DARDUINO_ESP8266_ESP12",
    "f_cpu": "80000000L",
    "f_flash": "40000000L",
    "flash_mode": "qio",
    "ldscript": "eagle.flash.4m1m.ld",
    "mcu": "esp8266",
    "variant": "adafruit"
  },
  "connectivity": [
    "wifi"
  ],
  "frameworks": [
    "esp8266-rtos-sdk"
  ],
  "name": "Adafruit HUZZAH ESP8266",
  "upload": {
    "maximum_ram_size": 81920,
    "maximum_size": 4194304,
    "require_upload_port": true,
    "resetmethod": "nodemcu",
    "speed": 115200
  },
  "url": "https://www.adafruit.com/products/2471",
  "vendor": "Adafruit"
}
