{
  "build": {
    "core": "esp8266",
    "extra_flags": "-DESP8266 -DARDUINO_ARCH_ESP8266 -DESP8266_ESP01",
    "f_cpu": "80000000L",
    "f_flash": "40000000L",
    "flash_mode": "dout",
    "ldscript": "eagle.flash.1m256.ld",
    "mcu": "esp8266",
    "variant": "generic"
  },
  "connectivity": [
    "wifi"
  ],
  "frameworks": [
    "esp8266-rtos-sdk"
  ],
  "name": "Generic ESP8285 Module",
  "upload": {
    "maximum_ram_size": 81920,
    "maximum_size": 434160,
    "require_upload_port": true,
    "resetmethod": "ck",
    "speed": 115200
  },
  "url": "http://www.esp8266.com/wiki/doku.php?id=esp8266-module-family",
  "vendor": "Espressif"
}
