{
  "build": {
    "core": "esp8266",
    "extra_flags": "-DESP8266 -DARDUINO_ARCH_ESP8266 -DARDUINO_ESP8266_ESP13",
    "f_cpu": "80000000L",
    "f_flash": "40000000L",
    "flash_mode": "dio",
    "ldscript": "eagle.flash.4m1m.ld",
    "mcu": "esp8266",
    "variant": "ESPDuino"
  },
  "connectivity": [
    "wifi"
  ],
  "frameworks": [
    "esp8266-rtos-sdk"
  ],
  "name": "ESPDuino (ESP-13 Module)",
  "upload": {
    "maximum_ram_size": 81920,
    "maximum_size": 4194304,
    "require_upload_port": true,
    "resetmethod": "ck",
    "speed": 115200
  },
  "url": "https://www.tindie.com/products/doit/espduinowifi-uno-r3/",
  "vendor": "Doit"
}
