{
  "build": {
    "core": "esp8266",
    "extra_flags": "-DESP8266 -DARDUINO_ARCH_ESP8266 -DARDUINO_ESP8266_GEN4_IOD",
    "f_cpu": "80000000L",
    "f_flash": "40000000L",
    "flash_mode": "qio",
    "ldscript": "eagle.flash.512k64.ld",
    "mcu": "esp8266",
    "variant": "generic"
  },
  "connectivity": [
    "wifi"
  ],
  "frameworks": [
    "esp8266-rtos-sdk"
  ],
  "name": "4D Systems gen4 IoD Range",
  "upload": {
    "maximum_ram_size": 81920,
    "maximum_size": 524288,
    "require_upload_port": true,
    "resetmethod": "ck",
    "speed": 115200
  },
  "url": "http://www.4dsystems.com.au/product/gen4_IoD/",
  "vendor": "4D Systems"
}
