{
  "build": {
    "core": "esp8266",
    "extra_flags": "-DESP8266 -DARDUINO_ARCH_ESP8266 -DESP8266_PHOENIX_V1",
    "f_cpu": "80000000L",
    "f_flash": "40000000L",
    "flash_mode": "dio",
    "ldscript": "eagle.flash.4m1m.ld",
    "mcu": "esp8266",
    "variant": "phoenix_v1"
  },
  "connectivity": [
    "wifi"
  ],
  "frameworks": [
    "esp8266-rtos-sdk"
  ],
  "name": "Phoenix 1.0",
  "upload": {
    "maximum_ram_size": 81920,
    "maximum_size": 4194304,
    "require_upload_port": true,
    "resetmethod": "nodemcu",
    "speed": 115200
  },
  "url": "http://www.esp8266.com/wiki/doku.php?id=esp8266-module-family",
  "vendor": "Espressif"
}
