{
  "name": "custom8266",
  "title": "custom Espressif 8266",
  "description": "Espressif Systems is a privately held fabless semiconductor company. They provide wireless communications and Wi-Fi chips which are widely used in mobile devices and the Internet of Things applications.",
  "url": "https://espressif.com/",
  "homepage": "http://platformio.org/platforms/espressif8266",
  "license": "Apache-2.0",
  "engines": {
    "platformio": "^3.0.0"
  },
  "repository": {
    "type": "git",
    "url": "https://github.com/rahuldeo2047/framework-esp8266-rtos-sdk-idf-platformio.git"
  },
  "version": "1.0.0",
  "packageRepositories": [
    "https://github.com/rahuldeo2047/curl_for_win/raw/master/manifest.json",
    "https://github.com/rahuldeo2047/xtensa-lx106-elf/raw/master/manifest.json"
  ],
  "frameworks": {
    "esp8266-rtos-sdk": {
      "package": "framework-esp8266-rtos-sdk",
      "script": "builder/frameworks/esp8266-rtos-sdk.py"
    }
  },
  "packages": {
    "toolchain-xtensa-lx106-elf": {
      "type": "toolchain",
      "version": "5.2.0+100"
    },
    "framework-esp8266-rtos-sdk": {
      "type": "framework",
      "optional": true,
      "version": "https://github.com/espressif/ESP8266_RTOS_SDK.git"
    },
    "tool-curl-for-win": {
      "type": "uploader",
      "optional": true,
      "version": ">1.0.0"
    }
  }
}
